FID,HUB,PID,ID,TITLE,MORK1,MORK2,MORK3,MORK4,MORK5,MORK6,WEBLINK,SHAPE_AREA,SHAPE_LEN,Shape__Area,Shape__Length
1,TSR,P2,TSR_2_1,Emergency care identifying and prioritising action to save fauna species at acute risk of extinction,prioritisation,extinction,imperilled species,Top twenty threatened species,butterflies,vertebrates,https://www.nespthreatenedspecies.edu.au/projects/emergency-care-identifying-and-prioritising-action-to-save-fauna-species-at-acute-risk-of-extinction,694.327232742,251.539402803,9633604352918.08,29770943.7479066
2,TSR,P2,TSR_2_2,Tackling threats to endangered hollow-nesting birds,sugar glider,nest box,orange-bellied parrot,swift parrot,invasive species,forty-spotted pardalote,https://www.nespthreatenedspecies.edu.au/projects/tackling-threats-to-endangered-hollow-nesting-birds,7.07105893821,19.7338030249,117944054460.391,2583583.75655786
3,TSR,P2,TSR_2_3_1,Island-wide spatial conservation planning for Christmas Island,island conservation,spatial planning analysis,distribution model,policy,modelling, ,https://www.nespthreatenedspecies.edu.au/projects/island-wide-spatial-conservation-planning-for-christmas-island,0.0112426045955,0.689028029428,141684623.882813,77360.6657777651
4,TSR,P2,TSR_2_3_2,Options beyond captivity for two critically endangered Christmas Island reptiles,island conservation,captive breeding,extinction,Cocos (Keeling) Islands,blue-tailed skink,Lister's gecko,https://www.nespthreatenedspecies.edu.au/projects/options-beyond-captivity-for-two-critically-endangered-christmas-island-reptiles,0.0112426045955,0.689028029428,141684623.882813,77360.6657777651
5,TSR,P2,TSR_2_3_3,Optimising the benefts of feral cat contol on Christmas Island,island conservation,feral cat,rat,meso-predator,eradication,bird,https://www.nespthreatenedspecies.edu.au/projects/optimising-the-benefits-of-feral-cat-control-on-christmas-island,0.0112426045955,0.689028029428,141684623.882813,77360.6657777651
6,TSR,P2,TSR_2_3_4,Conservation of Christmas Island flying-foxes,island conservation,flying fox,structured decision making,managing threats,decision support tool,expert elicitation,https://www.nespthreatenedspecies.edu.au/projects/conservation-of-the-christmas-island-flying-fox,0.0112426045955,0.689028029428,141684623.882813,77360.6657777651
7,TSR,P2,TSR_2_3_5,Combatting an emerging disease threatening endangered Christmas Island reptiles,island conservation,enterococcus,Lister's gecko,blue-tailed skink,disease,captive breeding,https://www.nespthreatenedspecies.edu.au/projects/combatting-an-emerging-disease-threatening-endangered-christmas-island-reptiles,0.0112426045955,0.689028029428,141684623.882813,77360.6657777651
8,TSR,P1,TSR_1_1_1,Responses of threatened species to cats and fire management in Kakadu and northern savannas,feral cat,fire management,predator exclosure,dingo,savanna,mammals,https://www.nespthreatenedspecies.edu.au/projects/responses-of-threatened-species-to-cats-and-fire-management-in-kakadu-and-northern-savannas,49.1992937236,31.5489553648,629663669349.824,3553770.95696437
9,TSR,P1,TSR_1_1_4,The role of feral predators in disrupting small vertebrate communities in arid South Australia,community ecology,mammals,predation,refuge,predator control,kowari,https://www.nespthreatenedspecies.edu.au/projects/the-role-of-feral-predators-in-disrupting-small-vertebrate-communities-in-arid-south-australia,7.24371755754,10.7842686668,100871503819.039,1269259.70223698
10,TSR,P1,TSR_1_4_3,Understanding and combating Myrtle Rust,disease,myrtle rust,Myrtaceae,rainforest,database,extinction,https://www.nespthreatenedspecies.edu.au/projects/understanding-and-combatting-myrtle-rust,37.0976800945,61.9576582811,505550068783.434,7374041.41662505
11,TSR,P3,TSR_3_2_4,Ecosystem Accounts for the Victorian Central Highlands,monitoring,environmental accounting,carbon,hollow-bearing trees,water management,leadbeater's possum,https://www.nespthreatenedspecies.edu.au/projects/ecosystem-accounts-in-the-victorian-central-highlands,1.40677090161,7.08230101473,21976140147.0391,874139.74600667
12,TSR,P3,TSR_3_2_5,Arid Zone Monitoring: surveys for vertebrates across arid and semi-arid zones,monitoring,arid zone,Indigenous rangers,distribution model,indigenous knowledge,database,https://www.nespthreatenedspecies.edu.au/projects/arid-zone-monitoring-surveys-for-vertebrates-across-arid-and-semi-arid-zones,219.483005148,77.7911520238,3002889206209.34,8987248.13375643
13,TSR,P3,TSR_3_2_6,Evidence-based management protocols for recovery of multiple threatened woodland birds,woodland birds,decision support tool,monitoring,conservation actions,adaptive management,noisy miner,https://www.nespthreatenedspecies.edu.au/projects/evidence-based-management-protocols-for-recovery-of-multiple-threatened-woodland-birds,32.4110996332,33.5086485794,479713123404.637,4132223.47325543
14,TSR,P3,TSR_3_3_2,Adaptive management for threatened mammals in the Victorian Central Highlands,leadbeater's possum,greater glider,wet ash forests,recovery planning,hollow-bearing trees,adaptive management,https://www.nespthreatenedspecies.edu.au/projects/adaptive-management-for-threatened-mammals-in-the-victorian-central-highlands,0.723404232417,3.48135940083,11308094546.0859,427502.254990774
15,TSR,P3,TSR_3_3_5,Recovering malleefowl with adatpvie management of feral predators,malleefowl,feral predator control,fox,feral cat,citizen science,baiting,https://www.nespthreatenedspecies.edu.au/projects/recovering-malleefowl-with-adaptive-management-of-feral-predators,59.8345633441,56.5797144568,881972384296.035,6741017.56139711
16,TSR,P3,TSR_3_3_6,Adaptive reintroduction strategies for the northern corroboree frog,adaptive management,disease,reintroduction,translocation,frog,chytrid,https://www.nespthreatenedspecies.edu.au/projects/adaptive-reintroduction-strategies-for-the-northern-corroboree-frog,0.956467110932,6.7680198444,14661754648.25,854101.432481261
17,TSR,P4,TSR_4_1_7,Enhancing ecosystem function by reintroductions of digging mammals,restoration,translocation,quenda,ecosystem engineer,bettongs,bioturbation,https://www.nespthreatenedspecies.edu.au/projects/enhancing-ecosystem-function-by-reintroductions-of-digging-mammals,0.357088018119,2.48832581902,5261996651.35156,295963.097609175
18,TSR,P4,TSR_4_4_2,Modelling of biophysical contraints on predators,refuge,feral cat,environmental tolerance,drought,biophysical model, ,https://www.nespthreatenedspecies.edu.au/projects/identifying-and-managing-refuges-from-threats,0.504148947144,2.69880811857,7480335976.01563,337373.618185571
19,TSR,P4,TSR_4_4_4,Climate refuges and causes of distribution limits for antechinus,refuge,climate change,drought,montane rainforest,antechinus,cloud forest,https://www.nespthreatenedspecies.edu.au/projects/identifying-and-managing-refuges-from-threats,0.0971617058718,3.50903844585,1320159854.00977,408430.4586249
20,TSR,P1,TSR_1_1_5,Feral predators in south-east Australia: Towards and beyond the fence strategy,critical weight range mammals,fox,feral cat,density estimation,spatial ecology,baiting,https://www.nespthreatenedspecies.edu.au/projects/feral-predators-in-south-east-australia-towards-a-beyond-the-fence-strategy,0.0628224916873,1.31904749343,930798594.273438,159843.245078455
21,TSR,P1,TSR_1_1_6,Integrated management of feral herbivores and feral predators,camera trap,rabbit control,feral predator control,GPS tracking,feral cat,drought,https://www.nespthreatenedspecies.edu.au/projects/integrated-management-of-feral-herbivores-and-feral-predators,0.0155144581092,0.546779366887,222715489.863281,66618.5407440216
22,TSR,P1,TSR_1_2_2,Adaptive management of endangered Buloke Woodlands,adaptive management,restoration,threatened ecological communities,herbivory,buloke woodlands, ,https://www.nespthreatenedspecies.edu.au/projects/adaptive-management-of-endangered-buloke-woodlands,0.441280563367,4.67063775971,6709049976.61719,566252.634447562
23,TSR,P1,TSR_1_2_3,Supporting alpine peatland recovery by prioritising action on threats,threat management,restoration,threatened ecological communities,alpine peatlands,ecosystem recovery,water quality,https://www.nespthreatenedspecies.edu.au/projects/supporting-alpine-peatland-recovery-by-prioritising-action-on-threats,0.947197214604,37.1173832918,14724838696.0469,4595200.71419478
24,TSR,P1,TSR_1_3_2,Fire and invasive predators,fire management,fox,feral cat,southern brown bandicoot,integrated threat management,decision support tool,https://www.nespthreatenedspecies.edu.au/projects/fire-and-invasive-predators,0.107528778157,15.9457195686,1704962716.48438,1978922.428604
25,TSR,P1,TSR_1_3_3,"Fire, predators and the endangered northern bettong",fire management,northern quoll,northern bettong,feral cat,predator control,habitat management,https://www.nespthreatenedspecies.edu.au/projects/fire-predators-and-the-endangered-northern-bettong,0.0182894118206,1.80096349674,236995006.128906,205302.894791543
26,TSR,P1,TSR_1_4_2,The role of toxoplasmosis in mammal declines,feral cat,Toxoplasmosis,mammals,disease,distribution model, ,https://www.nespthreatenedspecies.edu.au/projects/the-role-of-toxoplasmosis-in-mammal-declines,694.327232742,251.539402803,9633604352918.08,29770943.7479066
27,TSR,P2,TSR_2_3_6,Christmas Island frigatebird: workshop focusing on research and management priorities,recovery planning,GPS tracking,breeding,island conservation,Indonesia,fishing,https://www.nespthreatenedspecies.edu.au/projects/christmas-island-frigatebird-workshop-focusing-on-research-and-management-priorities,0.0112426045955,0.689028029428,141684623.882813,77360.6657777651
28,TSR,P2,TSR_2_4,National Action Plan for Australias most imperilled plants,extinction,plants,national action plan,IUCN Red List,critically endangered, ,https://www.nespthreatenedspecies.edu.au/projects/national-action-plan-for-australia-s-most-imperilled-plants,694.327232742,251.539402803,9633604352918.08,29770943.7479066
29,TSR,P3,TSR_3_1,Developing a threatened species index,threatened species index,monitoring,information gap analysis,threatened species strategy,science communication, ,https://www.nespthreatenedspecies.edu.au/projects/developing-a-threatened-species-index,694.327232742,251.539402803,9633604352918.08,29770943.7479066
30,TSR,P3,TSR_3_2_2_1,Using reintroductions to understand causes of mammal declines and extinctions at Booderee National Park,reintroduction,quoll,predator control,bandicoot,monitoring,species recovery,https://www.nespthreatenedspecies.edu.au/projects/using-reintroductions-to-understand-causes-of-mammal-declines-and-extinctions-at-booderee-national-park,0.00709108369786,1.89182448748,106835586.671875,232390.083428423
31,TSR,P3,TSR_3_2_2_3,A tool for evaluating biodiversity monitoring programs in national parks,monitoring,statistical power,surveys,ecological evidence,detectability,mammals,https://www.nespthreatenedspecies.edu.au/projects/a-tool-for-evaluating-biodiversity-monitoring-programs-in-national-parks,2.14794619135,19.0818618763,27320255308.1406,2152476.14444728
32,TSR,P3,TSR_3_3_1,Practical adaptive management to improve threatened species conservation programs,monitoring,adaptive management,management,adaptive monitoring,species recovery, ,https://www.nespthreatenedspecies.edu.au/projects/practical-adaptive-management-to-improve-threatened-species-conservation-programs,694.327232742,251.539402803,9633604352918.08,29770943.7479066
33,TSR,P3,TSR_3_3_7,Mitigating and managing barriers to fish passage and improving river connectivity,fish,cold water pollution,water management,environmental flows,swim performance,freshwater,https://www.nespthreatenedspecies.edu.au/projects/mitigating-and-managing-barriers-to-fish-passage-and-improving-river-connectivity,171.089413517,61.6184750326,2475807254351.12,7465317.00317079
34,TSR,P4,TSR_4_1_2,Reintroductions inside and outside the fences in the ACT,translocation,reintroduction,fenced reserve,ecosystem engineer,predator control,predator exclosure,https://www.nespthreatenedspecies.edu.au/projects/reintroductions-inside-and-outside-fences-in-the-act,0.00210183536881,0.411601998808,31869540.4648438,50608.727524409
35,TSR,P4,TSR_4_1_3,Safe havens for vulnerable mammals,refuge,conservation management,predator exclosure,monitoring,critical weight range mammals,translocation,https://www.nespthreatenedspecies.edu.au/projects/learning-from-mammal-translocations,7.45212616631,23.6863566096,105927406399.746,2841991.42035671
36,TSR,P4,TSR_4_1_5,Decisions for ex situ management of threatened species,captive breeding,decision support tool,management plans,decision tree, , ,https://www.nespthreatenedspecies.edu.au/projects/a-decision-tool-for-evaluating-whether-ex-situ-management-is-appropriate-for-a-threatened-species,0.0468530136826,1.75445798912,730615741.953125,217114.240216212
37,TSR,P5,TSR_5_2,Improving conservation assessments and policy options for poorly known species,plants,data deficient species,policy,taxonomic bias,imperilled species,invertebrates,https://www.nespthreatenedspecies.edu.au/projects/improving-conservation-assessments-and-policy-options-for-poorly-known-species,694.327232742,251.539402803,9633604352918.08,29770943.7479066
38,TSR,P6,TSR_6_1,The economics of threatened species management,benefits,cost models,valuation,non-market value,risk-based decision framework,Benefit Transfer Tools,https://www.nespthreatenedspecies.edu.au/projects/the-economics-of-threatened-species-management,694.327232742,251.539402803,9633604352918.08,29770943.7479066
39,TSR,P6,TSR_6_3_1,Improving communication for threatened species conservation,science communication,public engagement,message framing,conservation opportunities,community engagement,conservation marketing,https://www.nespthreatenedspecies.edu.au/projects/improving-communication-and-community-buy-in-to-threatened-species-conservation,694.327232742,251.539402803,9633604352918.08,29770943.7479066
40,TSR,P6,TSR_6_3_2,Identifying new conservation opportunities,science communication,public engagement,education,conservation opportunities,business,agriculture,https://www.nespthreatenedspecies.edu.au/projects/improving-communication-and-community-buy-in-to-threatened-species-conservation,694.327232742,251.539402803,9633604352918.08,29770943.7479066
41,TSR,P6,TSR_6_3_3,Urban flying-fox roost management,human-wildlife conflict,community values,public engagement,urban ecology,framing, ,https://www.nespthreatenedspecies.edu.au/projects/improving-communication-and-community-buy-in-to-threatened-species-conservation,251.34401045,134.823888761,3522179350329.7,16096787.1252291
42,TSR,P6,TSR_6_3_4,Iconic species in schools,connection to nature,cultural heritage,indigenous knowledge,education,community engagement,stewardship,https://www.nespthreatenedspecies.edu.au/projects/iconic-species-in-schools,1.62616112027,8.35145155881,25544917992.2031,1032995.52046742
43,TSR,P6,TSR_6_3_5,Targeting Australia's highest biodiversity impact behaviours,human behaviour,marketing,conservation messaging,community engagement,conservation psychology, ,https://www.nespthreatenedspecies.edu.au/projects/targeting-australia-s-highest-biodiversity-impact-behaviours,694.327232742,251.539402803,9633604352918.08,29770943.7479066
44,TSR,P1,TSR_1_1_10,Response of the Kangaroo Island Dunnart and other threatened species to a cat eradication program,Kangaroo Island dunnart,monitoring,eradication,mammals,predator control,feral cat,https://www.nespthreatenedspecies.edu.au/projects/response-of-the-kangaroo-island-dunnart-and-other-threatened-species-to-a-cat-eradication-program,0.44232273586,5.57810353587,6760508912.71094,669503.545714954
45,TSR,P1,TSR_1_1_11,Conservation of the Night Parrot,night parrot,feral cat,dingo,meso-predator,carrion,feral predator control,https://www.nespthreatenedspecies.edu.au/projects/impacts-and-management-options-for-introduced-predators,20.3065238999,16.7001200585,274244828301.5,1938987.81862067
46,TSR,P1,TSR_1_1_12,Mitigating cat impacts on the brush-tailed rabbit-rat,brush-tailed rabbit-rat,feral cat,feral predator control,fire management,Tiwi Islands,mammals,https://www.nespthreatenedspecies.edu.au/projects/mitigating-cat-impacts-on-the-brush-tailed-rabbit-rat,0.622457926797,8.46999802301,7873257413.41992,952212.375773848
47,TSR,P1,TSR_1_1_7,Some responses of the threatened Northern Quoll to a large-scale cat baiting program in the Pilbara,baiting,feral cat,northern quoll,predator control, , ,https://www.nespthreatenedspecies.edu.au/projects/some-responses-of-the-threatened-northern-quoll-to-a-large-scale-cat-baiting-program-in-the-pilbara,0.153216265169,1.53869637915,2042556387.4707,178151.223700621
48,TSR,P4,TSR_4_1_11,Re-establishing critical weight range mammals in northern wheatbelt of Western Australia: reintroductions to  safe haven free of introduced predators,refuge,reintroduction,predator exclosure,critical weight range mammals,conservation management,translocation,https://www.nespthreatenedspecies.edu.au/projects/re-establishing-critical-weight-range-mammals-in-the-northern-wheatbelt-of-western-australia-reintroductions-to-a-safe-haven-free-of-introduced-predators,0.123411228207,2.24549332086,1761418944.14063,270541.19678957
49,TSR,P4,TSR_4_2_2,Actions for saving threatened species on priority islands,island conservation,invasive species,feral cat,rat,eradication,decision support tool,https://www.nespthreatenedspecies.edu.au/projects/actions-for-saving-threatened-species-on-priority-islands,0.0758151140521,4.7978904809,1212589070.19141,619752.244793109
50,TSR,P4,TSR_4_2_3,Post eradication monitoring and translocation on islands,island conservation,eradication,invertebrates,monitoring,burrowing petrels,rabbits,https://www.nespthreatenedspecies.edu.au/projects/post-eradication-monitoring-on-macquarie-island,0.0183549139446,2.15120811832,392929861.976563,304802.920509423
51,TSR,P4,TSR_4_2_4,Norfolk Island threatened species conservation,conservation,plants,knowledge gaps,island management,exclusion experiments,invasive species,https://www.nespthreatenedspecies.edu.au/projects/creation-and-analysis-of-a-national-database-of-threatened-species-on-australian-islands,0.00349804702528,0.527568492876,49579826.6835938,62376.1636367694
52,TSR,P4,TSR_4_2_5,Protecting threatened quolls and other biodiversity on Kimberley islands from cane toads,northern quoll,translocation,invasive species,refuge,spatial planning analysis,cane toad,https://www.nespthreatenedspecies.edu.au/projects/protecting-threatened-quolls-and-other-biodiversity-on-kimberley-islands-from-cane-toads,0.129864217087,5.70136529944,1666153797.73828,645620.428339718
53,TSR,P4,TSR_4_4_5,Understanding and prioritising refuges across Australia,refuge,feral cat,fire,database,drought,feral predator,https://www.nespthreatenedspecies.edu.au/projects/identifying-and-managing-refuges-from-threats,694.327232742,251.539402803,9633604352918.08,29770943.7479066
54,TSR,P4,TSR_4_4_7,Threatened bird conservation in Murray-Darling Basin wetland and floodplain habitat?á,wetland,woodland birds,distribution model,drought,floodplain,spatial prioritisation,https://www.nespthreatenedspecies.edu.au/projects/threatened-bird-conservation-in-murray-darling-basin-wetland-and-floodplain-habitat,100.909498685,68.0563421852,1474454851071.44,8232420.54425952
55,TSR,P4,TSR_4_4_10,Modelling species distributions under environmental change,distribution model,climate change,decision support tool,critical habitat, , ,https://www.nespthreatenedspecies.edu.au/projects/identifying-and-managing-refuges-from-threats,694.327232742,251.539402803,9633604352918.08,29770943.7479066
56,TSR,P5,TSR_5_1,Better offsets for threatened species,offsets,malleefowl,night parrot,brigalow reptiles,northern quoll,black-cockatoo,https://www.nespthreatenedspecies.edu.au/projects/better-offsets-for-threatened-species,694.327232742,251.539402803,9633604352918.08,29770943.7479066
57,TSR,P1,TSR_1_2_1,Conservation of box gum grassy woodlands and the threatened species within them,critical habitat,threatened ecological communities,ecosystems,reptiles,woodland birds, ,https://www.nespthreatenedspecies.edu.au/projects/conservation-of-box-gum-grassy-woodlands-and-the-threatened-species-within-them,48.7039302073,57.9131499708,727541303807.398,7109893.45528156
58,TSR,P1,TSR_1_2_1_2,Can culling noisy miners benefit threatened woodland birds?,noisy miner,woodland birds,overabundant native species,box gum grassy woodland,restoration,threatened ecological communities,https://www.nespthreatenedspecies.edu.au/projects/can-culling-noisy-miners-benefit-threatened-woodland-birds,48.7039302073,57.9131499708,727541303807.398,7109893.45528156
59,TSR,P1,TSR_1_2_1_3,Survival and persistence of woodland birds in restoration plantings,woodland birds,temperate woodlands,restoration,monitoring,bird breeding,box gum grassy woodlands,https://www.nespthreatenedspecies.edu.au/https://www.nespthreatenedspecies.edu.au/projects/survival-and-persistence-of-woodland-birds-in-restoration-plantings,48.7039302073,57.9131499708,727541303807.398,7109893.45528156
60,TSR,P1,TSR_1_2_1_4,How bird communities change in relation to vegetation change,woodland birds,temperate woodlands,threatened ecological communities,ecological recovery,restoration,management,https://www.nespthreatenedspecies.edu.au/projects/how-bird-communities-change-in-relation-to-vegetation-change,48.7039302073,57.9131499708,727541303807.398,7109893.45528156
61,TSR,P1,TSR_1_2_1_5,Testing the effectiveness of nest boxes for threatened species,nest box,hollow-bearing trees,farms,arboreal mammals,offsets,temperate woodlands,https://www.nespthreatenedspecies.edu.au/projects/testing-the-effectiveness-of-nest-boxes-for-threatened-species,29.6851329552,39.6505428665,453928680267.199,4851714.31166821
62,TSR,P1,TSR_1_2_1_6,Enhancing critical habitat for the Pink-tailed Worm-lizard in agricultural landscapes,pink-tailed worm-lizard,restoration,box gum grassy woodlands,rocky outcrops,grazing,distribution model,https://www.nespthreatenedspecies.edu.au/projects/enhancing-critical-habitat-for-the-pink-tailed-worm-lizard-in-agricultural-landscapes,15.439765281,43.3663388872,232682639914.02,5279631.3855841
63,TSR,P1,TSR_1_2_1_7,Restoring the endangered Yass Daisy,adaptive management,restoration,box gum grassy woodlands,yass daisy,button wrinklewort,translocation,https://www.nespthreatenedspecies.edu.au/projects/restoring-the-endangered-yass-daisy,3.03188020671,15.9964386996,44911885627.9883,1946150.16592778
64,TSR,P1,TSR_1_2_4,Ecosystem Accounts in Box Gum Grassy Woodlands,ecosystem accounting,policy,box gum grassy woodlands,ecosystem services,natural capital,ecosystem management,https://www.nespthreatenedspecies.edu.au/projects/ecosystem-accounts-in-box-gum-grassy-woodlands,14.012973002,47.3125810608,210850316984.512,5785334.26087084
65,TSR,P6,TSR_6_4,Learning from success and failure in threatened species conservation,recovery planning,governance,conservation research,conservation success,leadership,community engagement,https://www.nespthreatenedspecies.edu.au/projects/learning-from-success-and-failure-in-threatened-species-conservation,694.327232742,251.539402803,9633604352918.08,29770943.7479066
66,TSR,P4,TSR_4_1_1,Safe havens for vulnerable mammals,mammals,fenced reserve,islands,predator exclosure,decision support tool,spatial planning analysis,https://www.nespthreatenedspecies.edu.au/projects/translocation-reintroduction-and-conservation-fencing-for-threatened-fauna,0.723056712348,3.47499559916,11301868391.8984,427032.857623419
67,TSR,P4,TSR_4_4_6,Rocky refuges for mammals,refuge,vertebrates,fire,drought,rock outcrops, ,https://www.nespthreatenedspecies.edu.au/projects/identifying-and-managing-refuges-from-threats,45.7269524708,40.0624304479,610444530278.318,4547826.39436274
68,TSR,P4,TSR_4_4_8,"Mapping distributions, threats and opportunities to conserve the greater glider",greater glider,biophysical model,population viability analysis,distribution model,climate change,forest change model,https://www.nespthreatenedspecies.edu.au/projects/mapping-distributions-threats-and-opportunities-to-conserve-the-greater-glider,0.662479005448,3.23962011831,10292071871.2031,406859.809498837
69,TSR,P5,TSR_5_1_1,Strategic Planning for the Far Eastern Curlew,migratory shorebirds,offsets,coastal planning,port development,intertidal,traditional owners,https://www.nespthreatenedspecies.edu.au/projects/strategic-planning-for-the-far-eastern-curlew,0.104855474768,1.33169937676,1331094618.11133,149853.994958332
70,TSR,P3,TSR_3_2_3_1,Using drones for biodiversity monitoring,monitoring,drones,Lumholtz tree kangaroo,detectability,thermal camera,occupany model,https://www.nespthreatenedspecies.edu.au/projects/using-drones-for-biodiversity-monitoring,0.0999108732493,1.18108766827,1297517036.42188,134617.89446639
71,TSR,P3,TSR_3_2_3_2,Thermal imaging cameras for biodiversity monitoring,thermal camera,monitoring,population estimation,conservation technology,Lumholtz tree kangaroo,detectability,https://www.nespthreatenedspecies.edu.au/projects/thermal-imaging-for-biodiversity-monitoring,0.669060615704,7.1962659974,9540005920.25781,857937.542772966
72,TSR,P4,TSR_4_1_4_1,Assisted colonisation of Australia's rarest reptile: The western swamp turtle,translocation,climate change,freshwater,assisted colonisation,drought,reptiles,https://www.nespthreatenedspecies.edu.au/projects/assisted-colonisation-of-australia-s-rarest-reptile-the-western-swamp-turtle,29.6537256725,27.8664111989,431989509790.738,3376121.17484913
73,TSR,P4,TSR_4_1_4_2,Optimising the timing for assiting the colonisation of threatened montane frogs,alpine,assisted colonisation,climate change,amphibians,modelling,decision support tool,https://www.nespthreatenedspecies.edu.au/projects/optimising-the-timing-for-assisting-the-colonisation-of-threatened-montane-frogs,4.58267352284,15.6878953156,71021582952,1919727.11271558
74,TSR,P4,TSR_4_1_4_3,Improving conservation outcomes for critically endangered white-bellied frog,translocation,reintroduction,amphibians,drought,captive breeding,frogs,https://www.nespthreatenedspecies.edu.au/projects/improving-conservation-outcomes-for-critically-endangered-white-bellied-frogs,0.00960371776935,0.374573698556,143462142.609375,45340.9813245696
75,TSR,P1,TSR_1_1_8,Livestock guardian dogs to protect threatened species and restore habitat,critical weight range mammals,livestock guardian dog,non-lethal control,reintroduction,invasive predator,invasive herbivore,https://www.nespthreatenedspecies.edu.au/projects/livestock-guardian-dogs-to-protect-threatened-species-and-restore-habitat,0.197067087502,2.80492778183,3068168675.32422,360454.838579735
76,TSR,P1,TSR_1_3_5,Managing fire to recover monsoon vine thickets on the Dampier Peninsula,remote sensing,vine thickets,fire management,rainforest,recovery planning,Indigenous rangers,https://www.nespthreatenedspecies.edu.au/projects/managing-fire-to-recover-monsoon-vine-thickets-on-the-dampier-peninsula,0.264366953113,4.4262987147,3427265732.77148,508527.559598736
77,TSR,P4,TSR_4_1_12,Reintroduction plan to rescue the northern eastern bristlebird,reintroduction,management plans,captive breeding,monitoring,fire management,eastern bristlebird,https://www.nespthreatenedspecies.edu.au/projects/reintroduction-plan-to-rescue-the-northern-eastern-bristlebird,0.150495733572,2.3230687641,2117434606.78906,270911.408716519
78,TSR,P6,TSR_6_2,Indigenous action in threatened species research and management,adaptive co-management,knowledge sharing,Indigenous rangers,joint management,IUCN Green List,culturally significant species,https://www.nespthreatenedspecies.edu.au/projects/indigenous-action-in-threatened-species-research-and-management,2.81151110208,14.6308383555,35729686477.166,1650461.24519953
79,TSR,P6,TSR_6_5,Citizen science for threatened species conservation and building community support,western ringtail possum,conservation actions,citizen science,monitoring,community engagement,urban ecology,https://www.nespthreatenedspecies.edu.au/projects/citizen-science-for-threatened-species-conservation-and-building-community-support,3.69948676556,10.8722685705,55207815805.6641,1333436.44568539
80,TSR,P1,TSR_1_1_3,Feral cat control for threatened species in Queensland,feral predator control,feral cat,greater bilby,predation,baiting,bridled nailtail wallaby,https://www.nespthreatenedspecies.edu.au/projects/feral-cat-control-for-threatened-species-in-queensland,0.0104727503093,0.53936856174,141551302.332031,62429.4044938995
81,TSR,P1,TSR_1_3_1,Fire and native flora,fire management,plants,Pomaderris,Boronia,fire,modelling,https://www.nespthreatenedspecies.edu.au/projects/fire-and-native-flora,0.207875879855,5.62214185241,3048418648.12109,679880.140636285
82,TSR,P1,TSR_1_4_1,Mitigating threats to Australian frogs,fire,frog,distribution model,chytrid,amphibians,disease,https://www.nespthreatenedspecies.edu.au/projects/saving-threatened-frogs-with-refuges-from-disease-fish-predation-and-fragmentation,24.9091159616,48.5999752154,373973354493.543,6065454.51710771
83,TSR,P2,TSR_2_3,Enhancing threatened species outcomes on Christmas Island,translocation,island,reptile,feral predator control,flying fox,disease,https://www.nespthreatenedspecies.edu.au/projects/enhancing-threatened-species-outcomes-for-christmas-island,0.011950966697,0.665417820261,150611952.820313,74726.565365167
84,TSR,P2,TSR_2_6,Essential research to secure the buff-breasted button quail,button-quail,threatening process,predator,distribution,critical habitat, ,https://www.nespthreatenedspecies.edu.au/projects/essential-research-to-secure-the-buff-breasted-button-quail,16.3056596074,22.5706964397,208679632543.172,2561216.78469531
85,TSR,P3,TSR_3_2_8,Monitoring bogong moth population change,climate change,bogong moth,mountain pygmy possum,migration,monitoring,managing threats,https://www.nespthreatenedspecies.edu.au/projects/monitoring-bogong-moth-population-change,1.79357394293,21.4549301151,27669171601.2109,2685293.17313174
86,TSR,P4,TSR_4_2_3_4,Detecting cryptic burrowing petrel recovery post-eradication in a remote landscape,eDNA,burrowing petrel,genetics,seabirds,feral predator,monitoring,https://www.nespthreatenedspecies.edu.au/projects/post-eradication-monitoring-on-macquarie-island,0.01832061348,0.840483597484,392203121.328125,136849.801819836
87,TSR,P7,TSR_7_2,Conservation actions for Threatened Ecological Communities, ,state and transition models,recovery planning,threatened ecological communities,expert elicitation,conservation actions,https://www.nespthreatenedspecies.edu.au/projects/conservation-actions-for-threatened-ecological-communities,433.42260536,128.645062321,6149097620101.81,15163711.144159
88,TSR,P7,TSR_7_9,Integrated Enviromental Assessment,integrated environmental assessment,planning,decision making,MNES,development,de-risking investment,https://www.nespthreatenedspecies.edu.au/projects/integrated-environmental-assessment-to-inform-environmental-decisions,377.757278458,119.001278111,5009564531324.71,13575178.0691271
89,TSR,P2,TSR_2_4_1,Development of a national action plan for Australian eucalypts,plants,national action plan,critically endangered,IUCN Red List,threats,extinction,https://www.nespthreatenedspecies.edu.au/projects/developing-a-national-action-plan-for-australian-eucalypts,695.683407364,430.392180242,9653588777038.91,50703538.9531022
90,TSR,P6,TSR_6_6,Key factors for effective partner integration and governance for threatened species recovery,trust building,partnership,recovery planning,collaboration,governance,co-investment,https://www.nespthreatenedspecies.edu.au/projects/key-factors-for-effective-partnering-for-threatened-species-recovery,695.683407364,430.392180242,9653588777038.91,50703538.9531022
91,TSR,P7,TSR_7_1,Methods for measuring uptake and outcomes from environmental research,framework,partnership,research impact,outcomes assessment,monitoring,research uptake,https://www.nespthreatenedspecies.edu.au/projects/methods-for-measuring-uptake-and-outcomes-from-environmental-research,694.327232742,251.539402803,9633604352918.08,29770943.7479066
92,TSR,P7,TSR_7_3,Assessing biodiversity and cultural values for single-site and multi-property development proposals in northern Australia, ,strategic assessment,cultural values,environmental impact assessment,offsets,policy,https://www.nespthreatenedspecies.edu.au/projects/assessing-biodiversity-and-cultural-values-for-single-site-and-multi-property-development-proposals-in-northern-australia,695.683407364,430.392180242,9653588777038.91,50703538.9531022
93,TSR,P7,TSR_7_5,"National monitoring priorities, process and prospectus for threatened species",surveys,monitoring,recovery process,prioritisation,cost models,sampling methods,https://www.nespthreatenedspecies.edu.au/projects/national-monitoring-priorities-process-and-prospectus-for-threatened-species,694.327232742,251.539402803,9633604352918.08,29770943.7479066
94,TSR,P7,TSR_7_6,Managing impacts of feral and over-abundant herbivores on threatened species and ecological communities,cultural values,feral herbivore,native herbivore,threat abatement,invasive species,threatened ecological communities,https://www.nespthreatenedspecies.edu.au/projects/managing-impacts-of-feral-and-over-abundant-herbivores-on-threatened-species-and-ecological-communities,1.80062100874,4.89161706051,27159983420.5586,601716.21635676
95,TSR,P7,TSR_7_7,"Overlaying threat, threatened species ranges, threat mitigation and conservation options - a knowledge synthesis to inform a national approach to fighting extinction",co-benefit,threat mitigation,synthesis,cost models,managing threats,recovery,https://www.nespthreatenedspecies.edu.au/projects/a-knowledge-synthesis-to-inform-a-national-approach-to-fighting-extinction,694.327232742,251.539402803,9633604352918.08,29770943.7479066
96,TSR,P7,TSR_7_8,Translating research findings on offsets and strategic planning to underpin continuous improvement in policy and practice,synthesis,decision making,capacity building,educational videos,offsets,policy,https://www.nespthreatenedspecies.edu.au/projects/translating-research-findings-on-offsets-and-strategic-assessment-to-practice-and-policy,695.683407364,430.392180242,9653588777038.91,50703538.9531022
97,TSR,P7,TSR_7_10,Conservation decision making for island management: lessons learned,feral predator,decision making,invasive species,eradication,management,island conservation,https://www.nespthreatenedspecies.edu.au/projects/informing-island-eradications-lessons-learned,694.327232742,251.539402803,9633604352918.08,29770943.7479066
98,TSR,P1,TSR_1_4_4,Guidelines on how to treat Australian wildlife with sarcoptic mange,disease,sarcoptic mange,wombat,guidelines,treatment,mammals,https://www.nespthreatenedspecies.edu.au/projects/guidelines-on-how-to-treat-australian-wildlife-with-sarcoptic-mange,695.683407364,430.392180242,9653588777038.91,50703538.9531022
99,TSR,P7,TSR_7_4,Cat impacts and management: knowledge exchange for stakeholders,cat,local government,management,communication,managing threats,feral predator,https://www.nespthreatenedspecies.edu.au/projects/cat-impacts-and-management-knowledge-exchange-for-stakeholders,695.683407364,430.392180242,9653588777038.91,50703538.9531022
100,TSR,P1,TSR_1_2_5,Coordinated recovery planning for threatened woodlands,recovery planning,eucalypt woodlands,threatened ecological communities,state and transition models,expert elicitation,management,https://www.nespthreatenedspecies.edu.au/projects/coordinated-recovery-planning-for-threatened-woodlands,124.085366754,124.659581564,1843577066013.46,15110652.5812765
101,TSR,P1,TSR_1_1_2,"Feral cat distribution, abundance, management and impacts on threatened species: collation and analysis of data",feral cat,fox,dingo,predation,predator control,modelling,https://www.nespthreatenedspecies.edu.au/projects/feral-cat-distribution-abundance-management-and-impacts-on-threatened-species-collation-and-analysis-of-data,8.5854291545,11.7234660538,119896219339.219,1386510.73054325
102,TSR,P2,TSR_2_3_5,Combatting an emerging disease threatening endangered Christmas Island reptiles,island conservation,enterococcus,Lister's gecko,blue-tailed skink,disease,captive breeding,https://www.nespthreatenedspecies.edu.au/projects/combatting-an-emerging-disease-threatening-endangered-christmas-island-reptiles,0.0112426045953,0.689028028992,141684623.880859,77360.665728362
103,TSR0,P3,TSR_3_2_7,Manging jilas on Ngurrara country,waterhole,desert,feral predator,fire management,feral herbivore,monitoring,https://www.nespthreatenedspecies.edu.au/projects/managing-jila-on-ngurrara-country,8.60556521496,15.9669811717,113549529615.885,1834372.60286076
104,TSR,P8,TSR_8_5_1,Improving rapid busfire response for conservation of threatened species and communities,fire,recovery,planning,risk management,fire management, ,https://www.nespthreatenedspecies.edu.au/projects/protecting-threatened-species-and-communities-during-wildfires-learning-from-the-2019-20-fires,7.39259633607,209.163258302,110352194878.695,25285973.1212902
105,TSR,P8,TSR_8_4_2,"Fire-related risks to, and conservation strategies for, ecological communities",rainforest,peatland,post-fire,World Heritage,threatened ecological communities, ,https://www.nespthreatenedspecies.edu.au/projects/fire-related-risks-to-and-conservation-strategies-for-ecological-communities,34.8174605591,3123.48323302,469438409069.725,357761183.131009
106,TSR,P8,TSR_8_4_1,Post-fire changes in feral cat density across Kangaroo Island,feral cat,feral predator,post-fire,recovery,possum,mammals,https://www.nespthreatenedspecies.edu.au/projects/post-fire-changes-in-feral-cat-density-across-kangaroo-island,0.463344706837,4.61585971261,7081918498.31641,545464.154235853
107,TSR,P8,TSR_8_3_8,Survival and recovery of threatened animal species in fire-affected Gondwana Rainforests,rainforest,mammals,reptiles,frog,fire,World Heritage,https://www.nespthreatenedspecies.edu.au/projects/survival-and-recovery-of-threatened-animal-species-in-fire-affected-world-heritage-areas-gondwana-rainforests-focus,0.0714197588562,9.07477415017,1005231630.28906,1073888.93033869
108,TSR,P8,TSR_8_3_5,Fire and rust: The impact of myrtle rust on fire regeneration,myrtle rust,World Heritage,rainforest,disease,post-fire,impact assessment,https://www.nespthreatenedspecies.edu.au/projects/fire-and-rust-the-impact-of-myrtle-rust-on-fire-regeneration,10.7554022142,24.2263237674,153861089889.242,3029559.21503046
109,TSR,P8,TSR_8_3_4,Estimating wildlife mortality during bushfire,post-fire,survival,vertebrates,modelling,recovery, ,https://www.nespthreatenedspecies.edu.au/projects/estimating-wildlife-mortality-during-bushfire,33.1271277665,2886.47484613,446113294351.955,330163042.742875
110,TSR,P8,TSR_8_4_5,Better managing fires and their impacts for koala conservation,koala,post-fire,recovery plan,fire management,threat management, ,https://www.nespthreatenedspecies.edu.au/projects/better-managing-fires-and-their-impacts-for-koala-conservation,157.747054533,254.898208628,2220343711071.77,29835655.6342834
111,TSR,P8,TSR_8_4_4,Review of faunal responses to fire-associated management actions,post-fire,recovery,fire management,fire,woodland birds,fauna,https://www.nespthreatenedspecies.edu.au/projects/review-of-faunal-responses-to-fire-associated-management-actions,694.327232743,251.539402802,9633604352921.16,29770943.7478704
112,TSR,P8,TSR_8_4_3,Managing the impacts of feral herbivores following regional-scale wildlife,post-fire,threatened ecological communities,MNES,feral herbivore,threate abatement, ,https://www.nespthreatenedspecies.edu.au/projects/managing-the-impacts-of-feral-herbivores-following-regional-scale-wildfire,16.4491893248,872.169025997,227392526961.932,100730920.892354
113,TSR,P8,TSR_8_3_7,Impacts of post-fire ash and run-off sediment on Australian freshwater aquatic fauna,crayfish,post-fire,physiology,fish,amphibians,ash sediment,https://www.nespthreatenedspecies.edu.au/projects/impacts-of-post-fire-ash-and-run-off-sediment-on-the-physiological-tolerances-of-australian-freshwater-aquatic-fauna,344.360492668,253.462553712,4856819902727.83,29999356.3374055
114,TSR,P8,TSR_8_3_6,Collation of summary of 2019-20 bushfire impacts and emergency responses of freshwater fish,post-fire,fish,aquatic fauna,impact assessment,fire suppression,sediment,https://www.nespthreatenedspecies.edu.au/research,16.4491893248,872.169025997,227392526961.932,100730920.892354
115,TSR,P8,TSR_8_3_3,Genetic assessment of priority taxa and management priorities,genetics,taxonomy,fire impact,risk assessment,vertebrates,conservation strategy,https://www.nespthreatenedspecies.edu.au/projects/genetic-assessment-of-priority-taxa-and-management-priorities,7.89653489203,256.074158118,117896503458.039,30998676.793695
116,TSR,P8,TSR_8_3_2,Effect of fire severity on the response of populations of priority wildlife species,impact assessment,vertebrates,managing threats,post-fire recovery,spiny crayfish,distribution map,https://www.nespthreatenedspecies.edu.au/projects/population-responses-to-fires-of-varying-severity-for-priority-vertebrate-and-spiny-crayfish-species-and-the-extent-to-which-management-actions-support-recovery,10.03272332,441.792109746,148738030105.633,53244396.0692248
117,TSR,P8,TSR_8_3_1,Fire-affected invertebrates: priority species and management response,invertebrates,post-fire,recovery,management,threat assessment,monitoring,https://www.nespthreatenedspecies.edu.au/projects/fire-affected-invertebrates-priority-species-and-management-response,20.0313635236,1177.13845493,279322733417.838,137234191.099713
118,TSR,P8,TSR_8_2_1,Indigenous aspirations and capacity for bushfire response,cultural burning,culturally significant species,Indigenous knowledge,post-fire,fire management,Indigenous leadership,https://www.nespthreatenedspecies.edu.au/projects/indigenous-aspirations-and-capacity-for-bushfire-response,0.745062343305,57.9585907897,10842367291.8086,6905260.98313909
119,TSR,P8,TSR_8_1_3,Post-fire impact assessment for priority frogs,frog,post-fire,monitoring,impact assessment,recovery,on-ground management,https://www.nespthreatenedspecies.edu.au/projects/post-fire-impact-assessment-for-priority-frogs,16.5002397081,878.462141835,228241170988.143,101533561.68383
120,TSR,P8,TSR_8_1_1,"Designing rapid on-ground reconnaissance surveys for post natural disaster (fire) to assess the status of species, ecological communities, habitats and threats",post-fire,surveys,prioritisation,vertebrates,monitoring, ,https://www.nespthreatenedspecies.edu.au/projects/designing-rapid-on-ground-reconnaissance-surveys-for-post-natural-disaster-fire-to-assess-the-status-of-species-ecological-communities-habitats-and-threats,25.7238124564,1949.90609847,353041800862.719,225134973.887808
121,TSR,P8,TSR_8_1_2,"Design for postfire impact monitoring, including synthesis of current monitoring projects",post-fire,monitoring,vertebrates,recovery,management,surveys,https://www.nespthreatenedspecies.edu.au/projects/design-for-post-fire-impact-monitoring-including-synthesis-of-current-monitoring-projects,25.7748628397,1956.1992143,353890444888.922,225937614.679164
122,TSR,P2,TSR_2_5,Securing the Night Parrot,night parrot,fire regime,feral predator,citizen science,acoustic monitoring, ,https://www.nespthreatenedspecies.edu.au/projects/conservation-of-the-night-parrot,20.3065238647,16.7001200436,274244827844.594,1938987.81692293
123,TSR,P4,TSR_4_1_8,Understanding genomic variation in the western ringtail possum for adaptive conservation,genetic management,population viability analysis,genetics,management plans,western ringtail possum, ,https://www.nespthreatenedspecies.edu.au/projects/understanding-genomic-variation-in-the-western-ringtail-possum-for-adaptive-conservation,1.34817960708,9.08169199449,20196255081.1719,1108880.06399675
124,TSR,P1,TSR_1_3_4,Pirra Jungku (Warlu) - Contrasting the outcomes of contemporary and traditional fire management approaches in the desert,fire management,monitoring,desert,traditional ecological knowledge,cultural burning, ,https://www.nespthreatenedspecies.edu.au/projects/pirra-jungku-contemporary-and-traditional-fire-management-approaches-in-the-desert,2.22086542507,9.43872881033,29142936408.4004,1078443.69008124
125,TSR,P2,TSR_2_2_1,Saving the orange-bellied parrot,hollow nesting bird,nest box,predation,Tasmania,sugar glider, ,https://www.nespthreatenedspecies.edu.au/projects/saving-the-orange-bellied-parrot,7.44656132182,61.8058355123,124089824065.43,7940675.43978272
126,TSR,P2,TSR_2_2_2,Saving the swift parrot,hollow nesting bird,nest box,predation,Tasmania,sugar glider,parasite,https://www.nespthreatenedspecies.edu.au/projects/saving-the-swift-parrot,7.44656132182,61.8058355123,124089824065.43,7940675.43978272
127,TSR,P2,TSR_2_2_3,Conservation and management of the endangered forty-spotted pardalote,hollow nesting bird,nest box,predation,Tasmania,disease,parasite,https://www.nespthreatenedspecies.edu.au/projects/conservation-and-management-of-the-endangered-forty-spotted-pardalote,7.44656130879,61.805835585,124089823828.586,7940675.44845158
128,TSR,P3,TSR_3_2_1,Improving threatened species monitoring,monitoring,adaptive management,ecological evidence,ecological recovery,adaptive monitoring,management,https://www.nespthreatenedspecies.edu.au/projects/improving-threatened-species-monitoring,694.327231582,251.539402628,9633604336782.68,29770943.7263503
129,TSR,P4,TSR_4_1_6_3,Practitioner’s guide for genetic management of translocated fauna,genetic management,reintroduction,translocation,genetic mixing,decision support tool,management plans,https://www.nespthreatenedspecies.edu.au/projects/genetic-rescue-of-mountain-pygmy-possums-and-eastern-barred-bandicoots-understanding-the-genomic-consequences-of-genetic-rescue,694.327231582,251.539402628,9633604336782.68,29770943.7263503
130,TSR,P4,TSR_4_3,Threatened plant translocations,plants,restoration,recovery planning,synthesis,database,management plans,https://www.nespthreatenedspecies.edu.au/projects/threatened-plant-translocations,694.327231582,251.539402628,9633604336782.68,29770943.7263503
131,TSR,P4,TSR_4_4_1,Soil moisture for vulunerable threatened species,physiological tolerance,microhabitat,heat stress,refuge,feral cat,drought,https://www.nespthreatenedspecies.edu.au/projects/identifying-and-managing-refuges-from-threats,695.683406199,430.392179948,9653588760838.61,50703538.91736
132,TSR,P4,TSR_4_4_3,Using biophysical models to identify species refuges in responses to climate change,refuge,flying fox,amphibians,chytrid,heat-stress,environmental tolerance,https://www.nespthreatenedspecies.edu.au/projects/identifying-and-managing-refuges-from-threats,695.683406199,430.392179948,9653588760838.61,50703538.91736
133,TSR,P6,TSR_6_3_6,Prioritising conservation efforts and communicating conservation opportunities in urban areas,urban ecology,community engagement,local government,recovery planning,public engagement, ,https://www.nespthreatenedspecies.edu.au/projects/prioritising-conservation-efforts-and-communicating-conservation-opportunities-in-urban-areas,694.327231582,251.539402628,9633604336782.68,29770943.7263503
134,TSR,P3,TSR_3_2_2_4,Bioacoustic monitoring of breeding in glossy and red-tailed black-cockatoos,monitoring,bioacoustics,woodland birds,conservation technology,species recovery,call recognition,https://www.nespthreatenedspecies.edu.au/projects/bioacoustic-monitoring-of-breeding-in-glossy-and-red-tailed-black-cockatoos,5.70153494526,15.3858817557,89103745707.0547,1861289.81460955
135,TSR,P4,TSR_4_2_1,A national data base of threatened and invasive species on Australian Islands,island conservation,islands database,invasive species,species interactions,spatial mapping,prioritisation,https://www.nespthreatenedspecies.edu.au/projects/creation-and-analysis-of-a-national-database-of-threatened-species-on-australian-islands,2.47947454952,122.70321907,34218801689.043,14393233.7351782
136,TSR,P4,TSR_4_4_12,A national approach to the integration of koala spatial data to inform conservation planning,koala,distribution model,climate change,recovery plan,on-ground management,national recovery plan,https://www.nespthreatenedspecies.edu.au/projects/a-national-approach-to-the-integration-of-koala-spatial-data-to-inform-conservation-planning,157.747054533,254.898208629,2220343711071.84,29835655.6343625
137,TSR,P4,TSR_4_4_11,Using detection dog techniques to conserve Queensland's endangered montane species,black-tailed dusky antechinus,silver-headed antechinus,Bulburin macademia nut,detection dogs,Bulburin ringtailed gecko,montane rainforest,https://www.nespthreatenedspecies.edu.au/projects/using-detection-dog-techniques-to-conserve-queensland-s-endangered-montane-species,0.0103810619091,0.719101221153,146484621.695313,84664.9078805414
138,TSR,P3,TSR_3_2_2_2,Monitoring threatened species on Indigenous lands: Bilbies in the Martu Determination,monitoring,Indigenous knowledge,Indigenous rangers,greater bilby,fire management,distribution model,https://www.nespthreatenedspecies.edu.au/projects/monitoring-threatened-species-on-indigenous-lands-bilbies-in-the-martu-determination,12.2823708895,23.4411793314,164863578447.943,2688280.44245983
139,TSR,P3,TSR_4_1_6_2,Genetic management and population modelling of translocated fauna,mammals,genetics,population viability analysis,decision support tools,translocation,drought,https://www.nespthreatenedspecies.edu.au/projects/genetic-management-and-population-modelling-of-translocated-fauna,0.476187997768,6.3005899334,6754675263.58984,752884.030471169
140,TSR,P4,TSR_4_1_6_1,Can assisted gene flow increase the resilience of terrestrial-breeding frogs to a drying climate?,reproduction,frogs,climate change,assisted gene flow,drought,local adaptation,https://www.nespthreatenedspecies.edu.au/projects/can-assisted-gene-flow-increase-the-resilience-of-terrestrial-breeding-frogs-to-a-drying-climate,21.7160847548,27.4164420968,317610669868.109,3283827.35586962
141,TSR,P4,TSR_4_1_9,Genetic analysis of the Norfolk Island morepork and green parrot, ,morepork,green parrot,genetics,species recovery,island conservation,https://www.nespthreatenedspecies.edu.au/projects/genetic-analysis-of-the-norfolk-island-morepork-and-green-parrot,0.00341628909106,0.281617959499,48418917.0820313,33327.3293768547
